{
  "handler": "Microsoft.Compute.MultiVm",
  "version": "0.0.1-preview",
  "parameters": {
    "basics": [
      {
        "name": "shopSize",
        "type": "Microsoft.Common.DropDown",
        "label": "Database Shop Size",
        "defaultValue": "Small",
        "toolTip": "The size of Disk virtual machines to use in the cluster. Template version 1.7.5",
        "constraints": {
          "allowedValues": [
            {
              "label": "Small (Web front-end 128Go*2 - Databases 128Go*2)",
              "value": "Small"
            },
            {
              "label": "Medium (Web front-end 128Go*2 - Databases 512Go*2)",
              "value": "Medium"
            },
            {
              "label": "Large (Web front-end  128Go*2 - Databases 1023Go*2)",
              "value": "Large"
            }
          ]
        }
      },
      {
        "name": "section1",
        "type": "Microsoft.Common.Section",
        "label": "VM Credentials",
        "elements": [
          {
            "name": "hcUsername",
            "type": "Microsoft.Compute.UserNameTextBox",
            "label": "VM username",
            "toolTip": "Administrative username for the virtual machines.",
            "osPlatform": "Linux",
            "constraints": {
              "required": true
            }
          },
          {
            "name": "hcPassword",
            "type": "Microsoft.Compute.CredentialsCombo",
            "label": {
              "authenticationType": "Authentication type",
              "password": "Password",
              "confirmPassword": "Confirm password",
              "sshPublicKey": "SSH public key"
            },
            "constraints": {
              "required": true
            },
            "options": {
              "hideConfirmation": false,
              "hidePassword": true
            },
            "osPlatform": "Linux"
          }
        ]
      }
    ],
    "steps": [
      {
        "name": "deploymentDetails",
        "label": "Deployment Parameters",
        "subLabel": {
          "preValidation": "Required",
          "postValidation": "Done"
        },
        "bladeTitle": "Deployment Parameters",
        "elements": [
          {
            "name": "hcPublicIP",
            "type": "Microsoft.Network.PublicIpAddressCombo",
            "label": {
              "publicIpAddress": "Public IP address for Jumbox VM",
              "domainNameLabel": "Domain Name Prefix for Jumpbox VM"
            },
            "defaultValue": {
              "publicIpAddressName": "hcpubip"
            },
            "constraints": {
              "required": {
                "domainNameLabel": true
              }
            },
            "options": {
              "hideNone": true,
              "hideDomainNameLabel": false,
              "hideExisting": true
            }
          },
          {
            "name": "frPublicIP",
            "type": "Microsoft.Network.PublicIpAddressCombo",
            "label": {
              "publicIpAddress": "Public IP address for web-front VMs",
              "domainNameLabel": "Domain Name Prefix for web-front VMs"
            },
            "defaultValue": {
              "publicIpAddressName": "frpubip"
            },
            "constraints": {
              "required": {
                "domainNameLabel": true
              }
            },
            "options": {
              "hideNone": true,
              "hideDomainNameLabel": false,
              "hideExisting": true
            }
          },
          {
            "name": "virtualNetworkName",
            "type": "Microsoft.Network.VirtualNetworkCombo",
            "label": {
              "virtualNetwork": "Virtual Network",
              "subnets": "Subnets"
            },
            "defaultValue": {
              "name": "vnet-prestashop"
            },
            "constraints": {
              "minAddressPrefixSize": "/16"
            },
            "options": {
              "hideExisting": true
            },
            "subnets": {
              "subnet1": {
                "label": "Jumbox subnet",
                "defaultValue": {
                  "name": "hc-subnet",
                  "addressPrefixSize": "/24",
                  "requireContiguousAddresses": true
                },
                "constraints": {
                  "minAddressPrefixSize": "/24"
                }
              },
              "subnet2": {
                "label": "Web front-end subnet",
                "defaultValue": {
                  "name": "front-subnet",
                  "addressPrefixSize": "/24",
                  "requireContiguousAddresses": true
                },
                "constraints": {
                  "minAddressPrefixSize": "/24"
                }
              },
              "subnet3": {
                "label": "Back subnet",
                "defaultValue": {
                  "name": "back-subnet",
                  "addressPrefixSize": "/24",
                  "requireContiguousAddresses": true
                },
                "constraints": {
                  "minAddressPrefixSize": "/24"
                }
              }
            }
          }
        ]
      },
      {
      "name": "clusterinfo",
        "label": "Virtual Machines Parameters",
        "subLabel": {
          "preValidation": "Required",
          "postValidation": "Done"
        },
        "bladeTitle": "Virtual Machines Parameters",
        "elements": [
        {
            "name": "numberOfFront",
            "type": "Microsoft.Common.DropDown",
            "label": "Number of Web front-end VMs",
            "defaultValue": "2",
            "toolTip": "Specify the number of Web front-end for this cluster.",
            "visible": false,
            "constraints": {
              "allowedValues": [
                {
                  "label": "2",
                  "value": 2
                },
                {
                  "label": "3",
                  "value": 3
                },
                {
                  "label": "4",
                  "value": 4
                },
                {
                  "label": "5",
                  "value": 5
                },
                {
                  "label": "6",
                  "value": 6
                },
                {
                  "label": "7",
                  "value": 7
                },
                {
                  "label": "8",
                  "value": 8
                },
                {
                  "label": "9",
                  "value": 9
                },
                {
                  "label": "10",
                  "value": 10
                },
                {
                  "label": "11",
                  "value": 11
                },
                {
                  "label": "12",
                  "value": 12
                },
                {
                  "label": "15",
                  "value": 15
                },
                {
                  "label": "20",
                  "value": 20
                }
              ]
            }
          },
          {
            "name": "frVmSize",
            "type": "Microsoft.Compute.SizeSelector",
            "label": "Web front-end VM Size",
            "toolTip": "The size of the web front-end VMs",
            "recommendedSizes": [
              "Standard_DS1",
              "Standard_DS2",
              "Standard_DS3"
            ],
            "constraints": {
              "allowedSizes": [
                "Standard_DS1",
                "Standard_DS2",
                "Standard_DS3",
                "Standard_DS4",
                "Standard_DS5",
                "Standard_DS6",
                "Standard_DS7",
                "Standard_DS8",
                "Standard_DS9",
                "Standard_DS10",
                "Standard_DS11",
                "Standard_DS12",
                "Standard_DS13",
                "Standard_DS14",
                "Standard_DS1_v2",
                "Standard_DS2_v2",
                "Standard_DS3_v2",
                "Standard_DS4_v2",
                "Standard_DS5_v2",
                "Standard_DS6_v2",
                "Standard_DS7_v2",
                "Standard_DS8_v2",
                "Standard_DS9_v2",
                "Standard_DS10_v2",
                "Standard_DS11_v2",
                "Standard_DS12_v2",
                "Standard_DS13_v2",
                "Standard_DS14_v2",
                "Standard_DS15_v2",
                "Standard_F1s",
                "Standard_F2s",
                "Standard_F4s",
                "Standard_F8s",
                "Standard_F16s"
              ],
              "excludedSizes": []
            },
            "osPlatform": "Linux",
            "imageReference": {
              "publisher": "prestashop",
              "offer": "ubuntu-base-for-prestashop",
              "sku": "ubuntu_base_16_04"
           },
           "count": 2,
           "visible": true
          },
          {
            "name": "storageAccountFront",
            "type": "Microsoft.Storage.StorageAccountSelector",
            "label": "Storage account",
            "toolTip": "Storage account where the Web front-end VM disks will be stored.",
            "defaultValue": {
              "type": "Premium_LRS"
            },
            "options": {
              "hideExisting": true
            },
            "constraints": {
              "required": true,
              "excludedTypes": [
                "Standard_LRS",
                "Standard_GRS",
                "Standard_RAGRS"
              ]
            }
          },
        {
            "name": "numberOfBack",
            "type": "Microsoft.Common.DropDown",
            "label": "Number of Back VMs",
            "defaultValue": "2",
            "toolTip": "Specify the number of Back for this cluster.",
            "visible": false,
            "constraints": {
              "allowedValues": [
                {
                  "label": "2",
                  "value": 2
                },
                {
                  "label": "3",
                  "value": 3
                },
                {
                  "label": "4",
                  "value": 4
                },
                {
                  "label": "5",
                  "value": 5
                },
                {
                  "label": "6",
                  "value": 6
                },
                {
                  "label": "7",
                  "value": 7
                },
                {
                  "label": "8",
                  "value": 8
                },
                {
                  "label": "9",
                  "value": 9
                },
                {
                  "label": "10",
                  "value": 10
                },
                {
                  "label": "11",
                  "value": 11
                },
                {
                  "label": "12",
                  "value": 12
                },
                {
                  "label": "15",
                  "value": 15
                },
                {
                  "label": "20",
                  "value": 20
                }
              ]
            }
          },
          {
            "name": "bkVmSize",
            "type": "Microsoft.Compute.SizeSelector",
            "label": "Back VM Size",
            "toolTip": "The size of the Back VMs",
            "recommendedSizes": [
              "Standard_DS1",
              "Standard_DS2",
              "Standard_DS3"
            ],
            "constraints": {
              "allowedSizes": [
                "Standard_DS1",
                "Standard_DS2",
                "Standard_DS3",
                "Standard_DS4",
                "Standard_DS5",
                "Standard_DS6",
                "Standard_DS7",
                "Standard_DS8",
                "Standard_DS9",
                "Standard_DS10",
                "Standard_DS11",
                "Standard_DS12",
                "Standard_DS13",
                "Standard_DS14",
                "Standard_DS1_v2",
                "Standard_DS2_v2",
                "Standard_DS3_v2",
                "Standard_DS4_v2",
                "Standard_DS5_v2",
                "Standard_DS6_v2",
                "Standard_DS7_v2",
                "Standard_DS8_v2",
                "Standard_DS9_v2",
                "Standard_DS10_v2",
                "Standard_DS11_v2",
                "Standard_DS12_v2",
                "Standard_DS13_v2",
                "Standard_DS14_v2",
                "Standard_DS15_v2",
                "Standard_F1s",
                "Standard_F2s",
                "Standard_F4s",
                "Standard_F8s",
                "Standard_F16s"
              ],
              "excludedSizes": []
            },
            "osPlatform": "Linux",
            "imageReference": {
              "publisher": "prestashop",
              "offer": "ubuntu-base-for-prestashop",
              "sku": "ubuntu_base_16_04"
           },
           "count": 2,
           "visible": true
          },
          {
            "name": "storageAccountBack",
            "type": "Microsoft.Storage.StorageAccountSelector",
            "label": "Storage account",
            "toolTip": "Storage account where the Back VM disks will be stored.",
            "defaultValue": {
              "type": "Premium_LRS"
            },
            "options": {
              "hideExisting": true
            },
            "constraints": {
              "required": true,
              "excludedTypes": [
                "Standard_LRS",
                "Standard_GRS",
                "Standard_RAGRS"
              ]
            }
          }
        ]
      },
      {
        "name": "prestashopInfo",
        "label": "PrestaShop Parameters",
        "subLabel": {
          "preValidation": "Required",
          "postValidation": "Done"
        },
        "bladeTitle": "PrestaShop Parameters",
        "elements": [
          {
            "name": "prestashop_firstname",
            "type": "Microsoft.Common.TextBox",
            "label": "First name",
            "defaultValue": "",
            "toolTip": "PrestaShop administrator first name.",
            "constraints": {
              "required": true,
              "regex": "^[a-zA-Z0-9]{2,24}$",
              "validationMessage": "First name must contain at least 2 characters up to 24 and can contain only numbers and lowercase letters. regex: ^[a-zA-Z0-9]{2,24}$"
            }
          },
          {
            "name": "prestashop_lastname",
            "type": "Microsoft.Common.TextBox",
            "label": "Last name",
            "defaultValue": "",
            "toolTip": "PrestaShop administrator last name",
            "constraints": {
              "required": true,
              "regex": "^[a-zA-Z0-9]{2,24}$",
              "validationMessage": "Last name must contain at least 2 characters up to 24 and can contain only numbers and lowercase letters. regex: ^[a-zA-Z0-9]{2,24}$"
            }
          },
          {
            "name": "prestashop_email",
            "type": "Microsoft.Common.TextBox",
            "label": "E-mail",
            "defaultValue": "",
            "toolTip": "PrestaShop administrator e-mail",
            "constraints": {
              "required": true,
              "regex": "^[a-zA-Z0-9_.+-]+@[a-zA-Z0-9-]+\\.[a-zA-Z0-9-.]+$",
              "validationMessage": "The e-mail address must be correctly formed. regex: ^[a-zA-Z0-9_.+-]+@[a-zA-Z0-9-]+\\.[a-zA-Z0-9-.]+$"
            }
          },
          {
            "name": "prestashop_password",
            "type": "Microsoft.Common.PasswordBox",
            "label": {
              "password": "Password",
              "confirmPassword": "Confirm password"
            },
            "toolTip": "PrestaShop administrator password",
            "constraints":{
              "required":true,
              "regex":"^[a-zA-Z0-9]{6,72}$",
              "validationMessage":"The password must be between 6 and 72 characters long and must contains only digits or characters. regex : ^[a-zA-Z0-9]{6,72}$"
            },
            "options": {
              "hideConfirmation": false
            }
          }
        ]
      }
    ],
    "outputs": {
      "shopSize": "[basics('shopSize')]",
      "hcUsername": "[basics('section1').hcUsername]",
      "authenticationType": "[basics('section1').hcPassword.authenticationType]",
      "hcPassword": "[basics('section1').hcPassword.password]",
      "sshKeyData": "[basics('section1').hcPassword.sshPublicKey]",
      "frStorageAccountName": "[steps('clusterinfo').storageAccountFront.name]",
      "frStorageAccountType": "[steps('clusterinfo').storageAccountFront.type]",
      "bkStorageAccountName": "[steps('clusterinfo').storageAccountBack.name]",
      "bkStorageAccountType": "[steps('clusterinfo').storageAccountBack.type]",
      "frVmSize":"[steps('clusterinfo').frVmSize]",
      "bkVmSize":"[steps('clusterinfo').bkVmSize]",
      "numberOfFront": "[steps('clusterinfo').numberOfFront]",
      "numberOfBack": "[steps('clusterinfo').numberOfBack]",
      "dnsNameForAnsiblePublicIP": "[steps('deploymentDetails').hcPublicIP.domainNameLabel]",
      "hcPublicIPAddressName": "[steps('deploymentDetails').hcPublicIP.name]",
      "dnsNameForFrontPublicIP": "[steps('deploymentDetails').frPublicIP.domainNameLabel]",
      "frPublicIPAddressName": "[steps('deploymentDetails').frPublicIP.name]",
      "virtualNetworkName": "[steps('deploymentDetails').virtualNetworkName.name]",
      "addressPrefix": "[steps('deploymentDetails').virtualNetworkName.addressPrefix]",
      "hcSubnetName": "[steps('deploymentDetails').virtualNetworkName.subnets.subnet1.name]",
      "hcSubnetPrefix": "[steps('deploymentDetails').virtualNetworkName.subnets.subnet1.addressPrefix]",
      "frSubnetName": "[steps('deploymentDetails').virtualNetworkName.subnets.subnet2.name]",
      "frSubnetPrefix": "[steps('deploymentDetails').virtualNetworkName.subnets.subnet2.addressPrefix]",
      "bkSubnetName": "[steps('deploymentDetails').virtualNetworkName.subnets.subnet3.name]",
      "bkSubnetPrefix": "[steps('deploymentDetails').virtualNetworkName.subnets.subnet3.addressPrefix]",
      "prestashop_firstname": "[steps('prestashopInfo').prestashop_firstname]",
      "prestashop_lastname": "[steps('prestashopInfo').prestashop_lastname]",
      "prestashop_email": "[steps('prestashopInfo').prestashop_email]",
      "prestashop_password": "[steps('prestashopInfo').prestashop_password]",
      "location": "[location()]"
    }
  }
}
