{
  "$schema":"https://schema.management.azure.com/schemas/2015-01-01/deploymentTemplate.json#",
  "contentVersion":"1.0.0.0",
  "parameters":{
    "templatesBaseURL":{
      "type":"string",
      "metadata":{
        "description":"Base template URL for nested template",
        "artifactsBaseUrl":""
      },
      "defaultValue":"https://raw.githubusercontent.com/PrestaShop/azure-template-performance/master"
    },
    "adminUsername":{
      "type":"string",
      "metadata":{
        "description":"Username for the Ansible Control Virtual Machine and provisoning"
      }
    },
    "sshKeyData":{
      "type":"string",
      "metadata":{
        "description":"Public key for SSH authentication"
      }
    },
    "ubuntuOSVersion":{
      "type":"string",
      "metadata":{
        "description":"The Ubuntu version for the VM."
      }
    },
    "frVmSize":{
      "type":"string",
      "metadata":{
        "description":"Instance size for Web Front VMs"
      }
    },
    "numberOfFront":{
      "type":"int",
      "metadata":{
        "description":"Number of Front nodes to create >=2"
      }
    },
    "frAvailabilitySetName":{
      "type":"string",
      "metadata":{
        "description":"Name of the availability Set"
      }
    },
    "frStorageAccountName":{
      "type":"string",
      "metadata":{
        "description":"Storage Account name"
      }
    },
    "frStorageAccountType":{
      "type":"string",
      "metadata":{
        "description":"Account type"
      }
    },
    "subnetCIDR":{
      "type":"string",
      "metadata":{
        "description":"Subnet Suffix"
      }
    },
    "frSubnetRoot":{
      "type":"string"
    },
    "frSubnetName":{
      "type":"string",
      "metadata":{
        "description":"Subnet Name"
      }
    },
    "frSubnetPrefix":{
      "type":"string",
      "metadata":{
        "description":"Subnet IP block"
      }
    },
    "vnetID":{
      "type":"string",
      "metadata":{
        "description":"vnet ID"
      }
    },
    "frVmName":{
      "type":"string",
      "metadata":{
        "description":"Basename of front VMs"
      }
    },
    "dnsNameForFrontPublicIP":{
      "type":"string",
      "metadata":{
        "description":"LB Name"
      }
    },
    "frPublicIPAddressName":{
      "type":"string",
      "metadata":{
        "description":"frPublicIP"
      }
    },
    "shopSize":{
      "type":"string",
      "metadata":{
        "description":"T-shirt size of the PrestaShop cluster"
      }
    },
    "keyStorageAccountName":{
      "type":"string",
      "metadata":{
        "description":"Storage account name for keys"
      }
    },
    "diagnosticsStorageAccountName":{
      "type":"string",
      "metadata":{
        "description":"Storage Account Name for diags"
      }
    },
    "location":{
      "type":"string",
      "metadata":{
        "description":"Deployment location"
      }
    }
  },
  "variables":{
    "clusterSpec": "[variables(concat('shopSize', parameters('shopSize')))]",
    "shopSizeSmall": {
      "ddSizeFront": 127,
      "ddSizeBack": 127
    },
    "shopSizeMedium": {
      "ddSizeFront": 127,
      "ddSizeBack": 512
    },
    "shopSizeLarge": {
      "ddSizeFront": 127,
      "ddSizeBack": 1023
    },
    "frVmStorageAccountContainerName":"vhds",
    "sshKeyPath":"[concat('/home/',parameters('adminUsername'),'/.ssh/authorized_keys')]",
    "imagePublisher":"prestashop",
    "imageOffer":"ubuntu-base-for-prestashop",
    "sku":"ubuntu_base_16_04",
    "frOSDiskName":"frosdisk",
    "keyStorageAccountType":"Standard_LRS",
    "frNicName":"frVnic",
    "frSubnetRef":"[concat(parameters('vnetID'),'/subnets/',parameters('frSubnetName'))]",
    "cleanRGP":"[uniqueString(resourceGroup().id, deployment().name)]",
    "frLBName":"[concat('lb', variables('cleanRGP'))]",
    "lbPublicIPAddressID":"[resourceId('Microsoft.Network/publicIPAddresses',parameters('frPublicIPAddressName'))]",
    "lbID":"[resourceId('Microsoft.Network/loadBalancers',variables('frLBName'))]",
    "lbProbeID": "[concat(variables('lbID'),'/probes/tcpProbe')]",
    "lbPoolID": "[concat(variables('lbID'),'/backendAddressPools/LoadBalancerBackend')]",
    "frontEndIPConfigID":"[concat(variables('lbID'),'/frontendIPConfigurations/loadBalancerFrontend')]",
    "scriptsBaseUrl":"[concat(parameters('templatesBaseURL'),'/scripts/')]",
    "customScriptDeployFile":"deploy-front.sh",
    "customScriptDeployUrl":"[concat(variables('scriptsBaseUrl'),variables('customScriptDeployFile'))]",
    "customScriptFrontCommand":"[concat('bash ',variables('customScriptDeployFile'))]",
    "pythonAzureScriptUrl":"[concat(variables('scriptsBaseUrl'),'GetSSHFromPrivateStorage.py')]",
    "apiVersion":{
      "resources":{
        "deployments":"2015-01-01"
      },
      "network":"2015-06-15",
      "storage":"2015-06-15",
      "compute":"2015-06-15"
    }
  },
  "resources":[
    {
      "comments":"Load Balancer Definition for Front VM",
      "apiVersion":"[variables('apiVersion').compute]",
      "name":"[variables('frLBName')]",
      "type":"Microsoft.Network/loadBalancers",
      "location":"[parameters('location')]",
      "dependsOn":[
      ],
      "properties":{
        "frontendIPConfigurations":[
          {
            "name":"LoadBalancerFrontend",
            "properties":{
              "publicIPAddress":{
                "id":"[variables('lbPublicIPAddressID')]"
              }
            }
          }
        ],
        "backendAddressPools":[
          {
            "name":"LoadBalancerBackend"
          }
        ],
        "loadBalancingRules": [
          {
            "name": "LBRuleHttp",
            "properties": {
              "frontendIPConfiguration": {
                "id": "[variables('frontEndIPConfigID')]"
              },
              "backendAddressPool": {
                "id": "[variables('lbPoolID')]"
              },
              "protocol": "Tcp",
              "frontendPort": 80,
              "backendPort": 80,
              "enableFloatingIP": false,
              "idleTimeoutInMinutes": 5,
              "loadDistribution": "SourceIP",
              "probe": {
                "id": "[variables('lbProbeID')]"
              }
            }
          },
          {
            "name": "LBRuleHttps",
            "properties": {
              "frontendIPConfiguration": {
                "id": "[variables('frontEndIPConfigID')]"
              },
              "backendAddressPool": {
                "id": "[variables('lbPoolID')]"
              },
              "protocol": "Tcp",
              "frontendPort": 443,
              "backendPort": 443,
              "enableFloatingIP": false,
              "idleTimeoutInMinutes": 5,
              "loadDistribution": "SourceIP",
              "probe": {
                "id": "[variables('lbProbeID')]"
              }
            }
          }
        ],
        "probes": [
          {
            "name": "tcpProbe",
            "properties": {
              "protocol": "tcp",
              "port": 80,
              "intervalInSeconds": 5,
              "numberOfProbes": 2
            }
          }
        ]
      }
    },
    {
      "comments":"Global Storage Account for the front VM",
      "type":"Microsoft.Storage/storageAccounts",
      "name":"[toLower(parameters('frStorageAccountName'))]",
      "apiVersion":"[variables('apiVersion').storage]",
      "location":"[parameters('location')]",
      "properties":{
        "accountType":"[parameters('frStorageAccountType')]"
      }
    },
    {
      "comments":"LOOP Interface for Front VMs",
      "apiVersion":"[variables('apiVersion').network]",
      "type":"Microsoft.Network/networkInterfaces",
      "name":"[concat(variables('frNicName'), copyindex())]",
      "location":"[parameters('location')]",
      "copy":{
        "name":"frNicLoop",
        "count":"[parameters('numberOfFront')]"
      },
      "dependsOn":[
        "[concat('Microsoft.Network/loadBalancers/', variables('frLBName'))]"
      ],
      "properties":{
        "dnsSettings":{
          "dnsServers": []
        },
        "ipConfigurations":[
          {
            "name":"fripconfig",
            "properties":{
              "privateIPAllocationMethod":"Static",
              "privateIPAddress":"[concat(parameters('frSubnetRoot'), '.',add(copyindex(),4) )]",
              "subnet":{
                "id":"[variables('frSubnetRef')]"
              },
              "loadBalancerBackendAddressPools":[
                {
                  "id":"[concat(variables('lbID'), '/backendAddressPools/LoadBalancerBackend')]"
                }
              ]
            }
          }
        ]
      }
    },
    {
      "comments":"Custom script extension for the Front VMs",
      "type":"Microsoft.Compute/virtualMachines/extensions",
      "name":"[concat(parameters('frVmName'),copyindex(),'/installFront')]",
      "apiVersion":"[variables('apiVersion').compute]",
      "location":"[parameters('location')]",
      "copy":{
        "name":"frExtLoop",
        "count":"[parameters('numberOfFront')]"
      },
      "dependsOn":[
        "[concat('Microsoft.Compute/virtualMachines/', parameters('frVmName'),copyindex())]"
      ],
      "properties":{
        "publisher":"Microsoft.OSTCExtensions",
        "type":"CustomScriptForLinux",
        "typeHandlerVersion":"1.4",
        "autoUpgradeMinorVersion": true,
        "settings":{
          "fileUris":[
            "[variables('customScriptDeployUrl')]",
            "[variables('pythonAzureScriptUrl')]"
          ]
        },
        "protectedSettings":{
          "commandToExecute":"[concat(variables('customScriptFrontCommand'),' \"', parameters('keyStorageAccountName'),'\" \"',listKeys(concat('Microsoft.Storage/storageAccounts/', parameters('keyStorageAccountName')), '2015-05-01-preview').key1,'\" \"',parameters('adminUsername'),'\" \"',parameters('numberOfFront'),'\" \"',parameters('frSubnetRoot'),'\" \"',parameters('frVmName'),'\"')]"
        }
      }
    },
    {
      "comments":"VM front provisoned",
      "apiVersion":"[variables('apiVersion').compute]",
      "type":"Microsoft.Compute/virtualMachines",
      "name":"[concat(parameters('frVmName'),copyindex())]",
      "location":"[parameters('location')]",
      "copy":{
        "name":"frVmLoop",
        "count":"[parameters('numberOfFront')]"
      },
      "dependsOn":[
        "[concat('Microsoft.Storage/storageAccounts/', toLower(parameters('frStorageAccountName')) ) ]",
        "[concat('Microsoft.Network/networkInterfaces/', variables('frNicName'),copyindex())]"
      ],
      "plan": {
        "publisher": "[variables('imagePublisher')]",
        "product": "[variables('imageOffer')]",
        "name": "[variables('sku')]"
      },
      "properties":{
        "availabilitySet":{
          "id":"[resourceId('Microsoft.Compute/availabilitySets', parameters('frAvailabilitySetName'))]"
        },
        "hardwareProfile":{
          "vmSize":"[parameters('frVmSize')]"
        },
        "osProfile":{
          "computerName":"[concat(parameters('frVmName'),copyindex())]",
          "adminUsername":"[parameters('adminUsername')]",
          "linuxConfiguration":{
            "disablePasswordAuthentication":"true",
            "ssh":{
              "publicKeys":[
                {
                  "path":"[variables('sshKeyPath')]",
                  "keyData":"[parameters('sshKeyData')]"
                }
              ]
            }
          }
        },
        "storageProfile":{
          "imageReference":{
            "publisher":"[variables('imagePublisher')]",
            "offer":"[variables('imageOffer')]",
            "sku":"[variables('sku')]",
            "version":"latest"
          },
          "osDisk":{
            "name":"[concat(parameters('frVmName'), copyindex())]",
            "vhd":{
              "uri":"[concat(reference(concat('Microsoft.Storage/storageAccounts/', toLower(parameters('frStorageAccountName'))), providers('Microsoft.Storage', 'storageAccounts').apiVersions[0]).primaryEndpoints.blob, variables('frVmStorageAccountContainerName'),'/', variables('frOSDiskName'),copyindex(), '.vhd')]"
            },
            "caching":"ReadWrite",
            "createOption":"FromImage"
          },
          "dataDisks": [
            {
              "name": "datadisk0",
              "diskSizeGB": "[variables('clusterSpec').ddSizeFront]",
              "lun": 0,
              "caching": "None",
              "createOption": "Empty",
              "vhd": {
                "uri": "[concat('http://', toLower(parameters('frStorageAccountName')), '.blob.core.windows.net/', variables('frVmStorageAccountContainerName'), '/', parameters('frVmName'), '-data0', copyindex(), '.vhd')]"
              }
            },
            {
              "name": "datadisk1",
              "diskSizeGB": "[variables('clusterSpec').ddSizeFront]",
              "lun": 1,
              "caching": "None",
              "createOption": "Empty",
              "vhd": {
                "uri": "[concat('http://', toLower(parameters('frStorageAccountName')), '.blob.core.windows.net/', variables('frVmStorageAccountContainerName'), '/', parameters('frVmName'), '-data1', copyindex(), '.vhd')]"
              }
            }
          ]
        },
        "networkProfile":{
          "networkInterfaces":[
            {
              "id":"[resourceId('Microsoft.Network/networkInterfaces',concat(variables('frNicName'),copyindex() ) )]"
            }
          ]
        },
        "diagnosticsProfile":{
          "bootDiagnostics":{
            "enabled":"true",
            "storageUri":"[concat(reference(concat('Microsoft.Storage/storageAccounts/', parameters('diagnosticsStorageAccountName')), providers('Microsoft.Storage', 'storageAccounts').apiVersions[0]).primaryEndpoints.blob)]"
          }
        }
      }
    }
  ],
  "outputs": { }
}
